detector,test,mAP50,mAP50_95,per_image,delta_vs_A_orig,delta_per_image,ci95_low,ci95_high
A_orig,orig,0.8367,0.5990,0.7065,0.0000,0.0000,0.0000,0.0000
A_orig,scnet,0.8077,0.5687,0.6849,-0.0303,-0.0216,-0.0245,-0.0190
A_orig,semiuir,0.7719,0.5376,0.6629,-0.0614,-0.0436,-0.0473,-0.0401
B_semiuir,orig,0.7749,0.5475,0.6580,-0.0515,-0.0485,-0.0528,-0.0442
B_semiuir,scnet,0.8214,0.5828,0.6933,-0.0162,-0.0131,-0.0165,-0.0097
B_semiuir,semiuir,0.8345,0.5951,0.7034,-0.0038,-0.0030,-0.0061,0.0002
C_mixed,orig,0.8468,0.6155,0.7186,0.0165,0.0121,0.0090,0.0150
C_mixed,scnet,0.8449,0.6129,0.7154,0.0139,0.0090,0.0059,0.0119
C_mixed,semiuir,0.8422,0.6084,0.7130,0.0094,0.0065,0.0034,0.0096
A150_orig,orig,0.8470,0.6150,0.7157,0.0160,0.0092,0.0062,0.0121
A150_orig,scnet,0.8116,0.5777,0.6913,-0.0213,-0.0152,-0.0186,-0.0117
A150_orig,semiuir,0.7760,0.5469,0.6690,-0.0521,-0.0374,-0.0418,-0.0335
