class,always_orig,always_scnet,always_semiuir,selector_ce+tau,oracle
holothurian,0.4966,0.4910,0.4877,0.4966,0.5102
echinus,0.5305,0.5250,0.5187,0.5298,0.5446
scallop,0.4957,0.4941,0.4791,0.4958,0.5058
starfish,0.5508,0.5409,0.5431,0.5506,0.5652
fish,0.5198,0.5196,0.5181,0.5191,0.5337
corals,0.5386,0.5367,0.5338,0.5377,0.5519
diver,0.7456,0.7467,0.7397,0.7462,0.7638
cuttlefish,0.8360,0.8320,0.8315,0.8361,0.8487
turtle,0.8383,0.8390,0.8330,0.8384,0.8518
jellyfish,0.6026,0.6041,0.5991,0.6089,0.6208
