policy,mAP50,mAP50_95,per_image_mAP50_95,gap_closed_dataset,gap_closed_per_image,delta_vs_orig,ci95_low,ci95_high,p_boot_delta_le_0,pick_orig/scnet/semiuir
always_orig,0.8468,0.6155,0.7186,0.0000,0.0000,0.0000,0.0000,0.0000,1.000,4200/0/0
always_scnet,0.8449,0.6129,0.7154,-0.1805,-0.1361,-0.0031,-0.0049,-0.0013,1.000,0/4200/0
always_semiuir,0.8422,0.6084,0.7130,-0.4997,-0.2421,-0.0056,-0.0077,-0.0034,1.000,0/0/4200
random,0.8444,0.6120,0.7148,-0.2467,-0.1632,-0.0038,-0.0054,-0.0021,1.000,1387/1401/1412
selector_ce,0.8472,0.6146,0.7173,-0.0643,-0.0537,-0.0012,-0.0025,0.0000,0.970,2210/1101/889
selector_ce+tau,0.8474,0.6159,0.7182,0.0323,-0.0153,-0.0004,-0.0010,0.0003,0.851,3593/319/288
selector_reg,0.8457,0.6142,0.7182,-0.0878,-0.0165,-0.0004,-0.0018,0.0009,0.734,2133/1373/694
selector_reg+tau,0.8462,0.6146,0.7183,-0.0590,-0.0140,-0.0003,-0.0014,0.0008,0.745,3019/828/353
oracle,0.8524,0.6296,0.7417,1.0000,1.0000,0.0231,0.0216,0.0247,0.000,2620/846/734
