method,image,psnr,ssim
raw,701,20.484559486995973,0.9350227098443833
raw,702,15.327574309943568,0.8448626467640561
raw,703,40.62763541818906,0.9909857772635808
raw,705,15.52886607626644,0.8315509335842021
raw,709,14.853744073315184,0.6988437852958521
raw,712,16.564516956357878,0.8102494399807281
raw,713,9.747170354592223,0.5655968304024631
raw,717,16.663114180449668,0.7763924095161693
raw,720,21.723562643261506,0.9164845890141268
raw,721,19.959872489983166,0.8095032385856458
raw,729,17.4846009223141,0.8235634672399005
raw,734,24.063568454890106,0.9528825555483653
raw,735,15.256197774168673,0.743594044309707
raw,736,9.643941054460436,0.6422427252625441
raw,738,23.96928222399503,0.9628239280903178
raw,740,14.533252757475362,0.7510129379873923
raw,742,12.579626796138005,0.570916668645051
raw,743,21.53096966023861,0.9289447576957416
raw,745,22.25346146876927,0.9287298694089291
raw,746,25.95486441640958,0.9729043146245395
raw,751,26.231433430441538,0.9773241728745231
raw,753,18.357816990271616,0.7799784767683176
raw,755,12.256974980621212,0.5769793812064082
raw,756,23.680075592014525,0.9751024333341686
raw,760,11.084827748549184,0.5072312854512202
raw,762,23.991346087212083,0.9614381002253544
raw,763,16.550575207450148,0.8500328142280992
raw,765,14.810901669510626,0.7426102743576878
raw,766,21.888360448742198,0.789290171598795
raw,767,16.389076399725077,0.8547376881612648
raw,769,13.729404077298145,0.6546642076453564
raw,770,20.259309670332616,0.7712637840253636
raw,771,28.828910892116298,0.9789841410309222
raw,772,24.361374923372846,0.9332947976002415
raw,776,22.364330194232465,0.9116408013641834
raw,777,22.723000460912388,0.8748546308173063
raw,780,12.407343251600091,0.6248227988788108
raw,781,27.091028402537876,0.977981771041588
raw,782,8.840133075339965,0.5965151398448992
raw,783,31.962649705988643,0.9914549171400514
raw,785,18.113903375534125,0.8690799497668066
raw,789,14.944456135072862,0.7946719546712112
raw,791,17.1074074481765,0.8071048858748945
raw,793,20.402745484146113,0.8926281150648427
raw,794,13.129636404713896,0.8125926486810808
raw,797,23.326189303530388,0.8901162515047055
raw,798,16.950354868992335,0.7094698100450246
raw,801,16.51317411722856,0.7634757991676286
raw,803,23.135556264424157,0.750709405988066
raw,804,12.223073349302581,0.46243502021833277
raw,805,20.053242297918096,0.7615844186447897
raw,806,17.01324130770615,0.7287199584252547
raw,807,20.71336103170006,0.8852561162852136
raw,809,17.702506716579368,0.8548812158101211
raw,810,12.430774131539291,0.592092083412835
raw,812,16.09899966702317,0.6724294486627184
raw,813,14.581383950116823,0.7495777530425065
raw,814,13.807210739479366,0.6487298734234723
raw,816,29.486536501931383,0.9824411995529293
raw,817,12.68056502682702,0.6701530137056092
raw,819,13.36812861194958,0.63510013871254
raw,820,19.51152302871949,0.8637949999360038
raw,822,18.58128181266957,0.8470468202895923
raw,823,14.01054172540577,0.7070995004661329
raw,824,12.670902985837628,0.609496734325082
raw,826,14.888989780595212,0.6012849422439558
raw,827,18.92691305156618,0.8344175486430953
raw,830,16.58143321430598,0.7473246132593069
raw,831,12.010744501756243,0.6045050769685333
raw,833,17.58346777103805,0.7935785251153101
raw,835,16.90377556071293,0.8329097383783225
raw,836,19.646797125686767,0.8463031254047042
raw,840,11.674252721171767,0.4806888235732208
raw,842,13.351939942051471,0.6719092337523378
raw,843,17.940798725273776,0.827053833910336
raw,844,14.16441267541692,0.8337450672479322
raw,845,11.87181847170356,0.7403249418077357
raw,847,19.77831065263427,0.9382870272850994
raw,850,14.422129388093348,0.5292451729508024
raw,853,14.13147092061282,0.6015461109748462
raw,856,17.676366694425262,0.8182295511115333
raw,858,12.044196327419376,0.5784044874199834
raw,861,18.988340987930336,0.772209719574541
raw,862,23.293140190338487,0.8691376184307869
raw,864,14.975390344347838,0.5756024275623881
raw,867,16.840299033432625,0.8137090022195462
raw,869,13.585841027751782,0.7409371937453839
raw,871,21.560810860456204,0.7825115940013206
raw,874,19.738173656126552,0.7744014149511864
raw,883,13.34103971287936,0.47698778876278736
scnet,701,22.72703788242858,0.9551391097515247
scnet,702,25.847980917930148,0.9312577264668013
scnet,703,27.54004609668186,0.9694440945431747
scnet,705,24.491496835606732,0.921019095190938
scnet,709,13.795777264081647,0.6984409448443015
scnet,712,15.700603876839107,0.7928851632263746
scnet,713,19.63702434584899,0.8703431335091137
scnet,717,17.626948963915094,0.9291694705187553
scnet,720,20.428305280016303,0.9235426050637882
scnet,721,21.63167490278206,0.885950745473601
scnet,729,20.723099923957655,0.9090502128120628
scnet,734,29.636764212997363,0.9516948164703521
scnet,735,17.227308514632217,0.8307251227228715
scnet,736,23.19961165295694,0.9486544546022606
scnet,738,26.449380400997033,0.9639460569956865
scnet,740,20.694938582840045,0.8444995225927213
scnet,742,23.74443342997274,0.8869966818789271
scnet,743,23.521016923433308,0.9458842279237744
scnet,745,27.937963015367085,0.9383907977441437
scnet,746,28.28517664672376,0.9700171346115556
scnet,751,26.872096693732637,0.9615531735581287
scnet,753,21.398743337064193,0.9237965219891304
scnet,755,23.25120507392755,0.9068966567082525
scnet,756,26.276569423633926,0.9491827399811507
scnet,760,23.325277231022156,0.8662056782978204
scnet,762,27.151291706817815,0.9665996667943392
scnet,763,30.87164335892208,0.9050791642663069
scnet,765,16.519759213671104,0.8142473972003018
scnet,766,20.949677784709195,0.8148591344236915
scnet,767,19.573799792534032,0.9036962925164883
scnet,769,22.2395335918735,0.9433222354469194
scnet,770,22.59114333770271,0.9187971501868759
scnet,771,27.498196629184662,0.9643411295646677
scnet,772,29.778982746505932,0.9493369204594256
scnet,776,21.54609122487087,0.9121070585165724
scnet,777,23.815323620726794,0.8868518217888174
scnet,780,22.102315392212518,0.9203738253055797
scnet,781,29.939708454459712,0.9479033169730333
scnet,782,14.758829295571445,0.8503031969321717
scnet,783,28.226401675401934,0.9681729107835579
scnet,785,19.828127117897992,0.9251057769102046
scnet,789,24.9359229762813,0.9543181241404008
scnet,791,20.02884903393546,0.8521573302134211
scnet,793,21.06692768750957,0.9069728421617076
scnet,794,18.084372710411575,0.8667096015505988
scnet,797,23.91300835200049,0.8950035212161458
scnet,798,26.51688815781766,0.8786078172091273
scnet,801,19.82921506205304,0.8338264294065523
scnet,803,18.737885396321403,0.7236927737080313
scnet,804,12.910433870060318,0.7018209308483433
scnet,805,21.228890231990874,0.8342507596119217
scnet,806,21.38321789081997,0.8648298870795269
scnet,807,18.59678947604421,0.7968934387089667
scnet,809,18.300137137730847,0.872231565906449
scnet,810,19.383286947069976,0.863980743522213
scnet,812,24.022477031993436,0.9455573029873512
scnet,813,15.977394739490883,0.7981717337969275
scnet,814,27.224967808348218,0.9424151707128009
scnet,816,30.378745551352957,0.9767826030605417
scnet,817,30.417769020103158,0.9511107479464246
scnet,819,28.602550832392257,0.9453243983339874
scnet,820,27.504382018757592,0.9567888422301797
scnet,822,12.85249820833524,0.7500659300382173
scnet,823,30.22187293472289,0.9588015106037205
scnet,824,24.433441112546635,0.8927936046702748
scnet,826,17.42024633046467,0.6663871076629975
scnet,827,23.346933551229583,0.9486204357522534
scnet,830,27.92724847894444,0.9249800815092657
scnet,831,18.72163662428213,0.7966321614926145
scnet,833,23.84291493651392,0.851232251604627
scnet,835,28.570470444765196,0.966278278747369
scnet,836,25.696583781793233,0.9436760852871885
scnet,840,16.78124188081687,0.6730889887757532
scnet,842,20.319259262597946,0.8461916788875435
scnet,843,22.286134145043512,0.8916028737723272
scnet,844,17.794275049648505,0.9090855697324743
scnet,845,19.77420850707229,0.9437225979356677
scnet,847,24.410673167837608,0.9458837848646282
scnet,850,17.16108642525014,0.6255759728329275
scnet,853,20.87939362600039,0.7816542103409515
scnet,856,19.626730532942634,0.848468738492334
scnet,858,18.737488039544218,0.7156415548319156
scnet,861,21.571309098557883,0.8240053448315602
scnet,862,27.61663799026983,0.9124997577385529
scnet,864,16.06090237871499,0.7172309063658293
scnet,867,19.18546659907948,0.8593977230417735
scnet,869,24.96278200759945,0.9118341346662223
scnet,871,18.84866102605624,0.7981356817263804
scnet,874,20.711793936270873,0.8028342558546434
scnet,883,20.234858896410117,0.7497614331921799
semiuir,701,22.763437066833756,0.9412881831002875
semiuir,702,29.719614884580405,0.8937140836815495
semiuir,703,26.37896283039753,0.9736546062164235
semiuir,705,21.529032871889807,0.8664390891884768
semiuir,709,15.579070023733735,0.7280642821405054
semiuir,712,24.768404348880182,0.8790648004393212
semiuir,713,28.53656938809326,0.9183385745825478
semiuir,717,19.761802836828572,0.8129690102834163
semiuir,720,21.824593662278797,0.9406749238804748
semiuir,721,20.469750251154245,0.8976028880127632
semiuir,729,21.58279208887943,0.922020240977401
semiuir,734,29.937060369636388,0.9664498269712799
semiuir,735,19.05701296187372,0.8625346505842882
semiuir,736,29.80331973302794,0.9572546253910614
semiuir,738,24.8445985053249,0.950020105103313
semiuir,740,24.51917205397393,0.8605039233964483
semiuir,742,19.62407065584179,0.8051954832262919
semiuir,743,22.891009492222494,0.9200255101134941
semiuir,745,25.47148931685602,0.895983530541661
semiuir,746,28.506145204166778,0.944935402727523
semiuir,751,30.690969230563447,0.9778846969149333
semiuir,753,29.105492778885207,0.9570447420693587
semiuir,755,23.540158242695043,0.8909473426923326
semiuir,756,26.305084086936667,0.8663448052409047
semiuir,760,27.57639474442862,0.915884496207862
semiuir,762,26.504488544942117,0.9595028806182363
semiuir,763,30.301623747652933,0.9267042501926556
semiuir,765,22.04451271509984,0.8679436868570519
semiuir,766,21.970762968655535,0.8535700222170179
semiuir,767,19.364172454073238,0.9013510574419005
semiuir,769,28.369367960676087,0.9607331209119794
semiuir,770,23.097712049332145,0.9454310053910744
semiuir,771,30.366563864617703,0.974621751964391
semiuir,772,24.41075652580291,0.9210081798227265
semiuir,776,21.520009627559688,0.9147425539861432
semiuir,777,25.374949414681446,0.9411682977101171
semiuir,780,24.092854793999944,0.9245620011565291
semiuir,781,29.49260200420566,0.9337631573464621
semiuir,782,25.46665584720094,0.9055490523179966
semiuir,783,33.64452779826647,0.978786771797111
semiuir,785,25.56062508143452,0.905785336962063
semiuir,789,28.46073230135508,0.9612620844316891
semiuir,791,19.319101035642202,0.8306050341236496
semiuir,793,20.247883343997948,0.9187650776711881
semiuir,794,24.354231293487068,0.837359575983235
semiuir,797,22.53623226512035,0.8782189857859063
semiuir,798,28.30870955053482,0.8951358759346452
semiuir,801,22.036226817391587,0.8842585564593083
semiuir,803,19.343632200712108,0.7496850264303344
semiuir,804,17.642452252901958,0.7881219788713963
semiuir,805,20.46602092656512,0.8325097909490974
semiuir,806,21.21945332315669,0.8489242798079207
semiuir,807,19.999293899722886,0.8076667889054782
semiuir,809,20.23521255495507,0.8922834314072766
semiuir,810,21.04858231092717,0.8859630529764084
semiuir,812,26.857954437923304,0.946439326570235
semiuir,813,20.852274545578894,0.8499816349573618
semiuir,814,24.443802059453546,0.8974335910985424
semiuir,816,29.915924972770856,0.9805993045866858
semiuir,817,30.95499840271003,0.9429001595183322
semiuir,819,25.973960514529217,0.938918716911533
semiuir,820,29.571450341312648,0.9561047376122372
semiuir,822,13.82187114520248,0.6852340208913227
semiuir,823,29.317499990527438,0.9521833437237711
semiuir,824,24.600342476892976,0.8984599431530657
semiuir,826,20.530488511301247,0.7380801977177421
semiuir,827,22.694201339336608,0.9512183956758055
semiuir,830,28.86098665822281,0.9399608124948869
semiuir,831,24.09111151492649,0.8348235221831811
semiuir,833,28.735151187757005,0.8967985115719497
semiuir,835,28.237974838986652,0.9616855910162366
semiuir,836,25.882563023969446,0.891059602854693
semiuir,840,18.67410786662963,0.7325984904995324
semiuir,842,20.928488587745978,0.8700393110475124
semiuir,843,27.996088245234102,0.9354347493620474
semiuir,844,27.60846527927422,0.9630176807445832
semiuir,845,28.387095822853862,0.935293038937835
semiuir,847,20.815019587059385,0.8359924451521502
semiuir,850,19.096866432692963,0.7129609470468634
semiuir,853,21.90721025826395,0.8170974111743008
semiuir,856,26.269100063689738,0.8302317470115034
semiuir,858,19.005717657056707,0.7233600685385945
semiuir,861,22.7023778193352,0.8324368055806187
semiuir,862,23.36600216886117,0.8303223104235941
semiuir,864,19.01404194094708,0.7767253082415214
semiuir,867,26.18324994936838,0.8877790233450745
semiuir,869,25.835008572455788,0.929774598997005
semiuir,871,18.798179583220875,0.8020720812806296
semiuir,874,23.081868850447883,0.8329575791619303
semiuir,883,22.276720069930857,0.8291381122849243
